{"cameraMode":{"drawMode":0,"name":"Shaded","section":"Shading Mode"},"sceneLighting":false,"audioPlay":false,"sceneViewState":{"m_AlwaysRefresh":false,"showFog":true,"showSkybox":false,"showFlares":true,"showImageEffects":true,"showParticleSystems":true,"showVisualEffectGraphs":true,"m_FxEnabled":true},"in2DMode":false,"pivot":{"x":23.642433166503908,"y":6.431085586547852,"z":14.56962776184082},"rotation":{"x":-0.029736647382378579,"y":0.6700891852378845,"z":-0.02706688642501831,"w":-0.7416291236877441},"size":0.8660253882408142,"orthographic":false}